Date,Instagram_Minutes,YouTube_Minutes,WhatsApp_Minutes,LinkedIn_Minutes,Reels_Watched,Videos_Watched,Messages_Sent,Posts_Liked,Study_Minutes
2026-08-25,130,37,156,28,128,11,413,84,97
2026-08-26,101,121,61,3,135,21,149,88,205
2026-08-27,50,195,165,67,64,70,357,28,195
2026-08-28,112,80,141,25,145,15,409,90,352
2026-08-29,200,143,14,10,222,22,36,144,47
2026-08-30,103,101,157,12,85,39,459,24,51
2026-08-31,151,53,179,3,171,13,510,108,237
2026-09-01,108,120,180,33,111,30,552,35,237
2026-09-02,38,126,84,69,34,20,220,17,174
2026-09-03,36,75,93,65,45,12,199,14,199
2026-09-04,117,141,52,3,100,27,114,67,319
2026-09-05,116,280,176,25,152,64,287,76,73
2026-09-06,102,261,24,30,119,62,39,46,146
2026-09-07,161,44,125,13,197,17,380,89,290
2026-09-08,115,168,82,61,114,64,151,44,77
2026-09-09,121,47,164,13,163,7,317,72,353
2026-09-10,168,188,71,13,123,31,191,38,187
2026-09-11,45,191,27,58,60,58,55,14,123
2026-09-12,147,106,102,2,194,19,174,85,163
2026-09-13,173,297,14,21,236,99,48,76,56
2026-09-14,118,184,111,43,104,80,237,42,54
2026-09-15,177,83,56,18,161,19,126,53,170
2026-09-16,36,204,97,50,35,71,288,23,105
2026-09-17,113,205,104,38,89,59,224,27,132
2026-09-18,121,45,90,42,138,15,247,80,312
2026-09-19,129,93,148,17,120,18,385,59,39
2026-09-20,240,73,113,22,205,26,353,86,165
2026-09-21,177,162,20,38,115,28,57,45,191
2026-09-22,95,96,156,0,75,25,305,15,189
2026-09-23,43,74,154,26,36,20,361,11,63
