,Date,Instagram_Minutes,YouTube_Minutes,WhatsApp_Minutes,LinkedIn_Minutes,Reels_Watched,Videos_Watched,Messages_Sent,Posts_Liked,Study_Minutes,Total_Screen_Time,Screen_Hours,Digital_Balance,Day_Type
0,2026-08-25,130,37,156,28,128,11,413,84,97,351,5.85,0.27635327635327633,Heavy
1,2026-08-26,101,121,61,3,135,21,149,88,205,286,4.766666666666667,0.7167832167832168,Normal
2,2026-08-27,50,195,165,67,64,70,357,28,195,477,7.95,0.4088050314465409,Heavy
3,2026-08-28,112,80,141,25,145,15,409,90,352,358,5.966666666666667,0.9832402234636871,Heavy
4,2026-08-29,200,143,14,10,222,22,36,144,47,367,6.116666666666666,0.12806539509536785,Heavy
5,2026-08-30,103,101,157,12,85,39,459,24,51,373,6.216666666666667,0.13672922252010725,Heavy
6,2026-08-31,151,53,179,3,171,13,510,108,237,386,6.433333333333334,0.6139896373056994,Heavy
7,2026-09-01,108,120,180,33,111,30,552,35,237,441,7.35,0.5374149659863946,Heavy
8,2026-09-02,38,126,84,69,34,20,220,17,174,317,5.283333333333333,0.5488958990536278,Heavy
9,2026-09-03,36,75,93,65,45,12,199,14,199,269,4.483333333333333,0.7397769516728625,Normal
10,2026-09-04,117,141,52,3,100,27,114,67,319,313,5.216666666666667,1.0191693290734825,Heavy
11,2026-09-05,116,280,176,25,152,64,287,76,73,597,9.95,0.12227805695142378,Heavy
12,2026-09-06,102,261,24,30,119,62,39,46,146,417,6.95,0.3501199040767386,Heavy
13,2026-09-07,161,44,125,13,197,17,380,89,290,343,5.716666666666667,0.8454810495626822,Heavy
14,2026-09-08,115,168,82,61,114,64,151,44,77,426,7.1,0.1807511737089202,Heavy
15,2026-09-09,121,47,164,13,163,7,317,72,353,345,5.75,1.0231884057971015,Heavy
16,2026-09-10,168,188,71,13,123,31,191,38,187,440,7.333333333333333,0.425,Heavy
17,2026-09-11,45,191,27,58,60,58,55,14,123,321,5.35,0.38317757009345793,Heavy
18,2026-09-12,147,106,102,2,194,19,174,85,163,357,5.95,0.4565826330532213,Heavy
19,2026-09-13,173,297,14,21,236,99,48,76,56,505,8.416666666666666,0.11089108910891089,Heavy
20,2026-09-14,118,184,111,43,104,80,237,42,54,456,7.6,0.11842105263157894,Heavy
21,2026-09-15,177,83,56,18,161,19,126,53,170,334,5.566666666666666,0.5089820359281437,Heavy
22,2026-09-16,36,204,97,50,35,71,288,23,105,387,6.45,0.2713178294573643,Heavy
23,2026-09-17,113,205,104,38,89,59,224,27,132,460,7.666666666666667,0.28695652173913044,Heavy
24,2026-09-18,121,45,90,42,138,15,247,80,312,298,4.966666666666667,1.0469798657718121,Normal
25,2026-09-19,129,93,148,17,120,18,385,59,39,387,6.45,0.10077519379844961,Heavy
26,2026-09-20,240,73,113,22,205,26,353,86,165,448,7.466666666666667,0.36830357142857145,Heavy
27,2026-09-21,177,162,20,38,115,28,57,45,191,397,6.616666666666666,0.4811083123425693,Heavy
28,2026-09-22,95,96,156,0,75,25,305,15,189,347,5.783333333333333,0.5446685878962536,Heavy
29,2026-09-23,43,74,154,26,36,20,361,11,63,297,4.95,0.21212121212121213,Normal
